Workbook

Sheet Team Capacity
A1: Sprint Capacity Planner
A2: Blue cells = inputs. Gray cells = formulas. Adjust capacity/support per person per sprint.
A3: Sprint: | B3: 8.20
A5: # | B5: Name | C5: Discipline | D5: Total Days | E5: Support (days) | F5: Available (pts) | G5: Assigned (pts) | H5: Remaining
A6: 1 | B6: Anze | C6: Android | D6: =10-IFERROR(VLOOKUP(B6,Holidays!A:B,2,FALSE()),0) -> 10 | E6: 2 | F6: =MAX(0,D6-E6) -> 8 | G6: =SUMIF(Assignments!F:F,B6,Assignments!G:G)+SUMIF(Assignments!H:H,B6,Assignments!I:I)+SUMIF(Assignments!J:J,B6,Assignments!K:K)+SUMIF(Assignments!L:L,B6,Assignments!M:M) -> 0 | H6: =F6-G6 -> 8
A7: 2 | B7: Zoran | C7: Android | D7: =10-IFERROR(VLOOKUP(B7,Holidays!A:B,2,FALSE()),0) -> 10 | E7: 2 | F7: =MAX(0,D7-E7) -> 8 | G7: =SUMIF(Assignments!F:F,B7,Assignments!G:G)+SUMIF(Assignments!H:H,B7,Assignments!I:I)+SUMIF(Assignments!J:J,B7,Assignments!K:K)+SUMIF(Assignments!L:L,B7,Assignments!M:M) -> 0 | H7: =F7-G7 -> 8
A8: 3 | B8: Haba | C8: iOS | D8: =10-IFERROR(VLOOKUP(B8,Holidays!A:B,2,FALSE()),0) -> 10 | E8: 2 | F8: =MAX(0,D8-E8) -> 8 | G8: =SUMIF(Assignments!F:F,B8,Assignments!G:G)+SUMIF(Assignments!H:H,B8,Assignments!I:I)+SUMIF(Assignments!J:J,B8,Assignments!K:K)+SUMIF(Assignments!L:L,B8,Assignments!M:M) -> 0 | H8: =F8-G8 -> 8
A9: 4 | B9: Giorgio | C9: iOS | D9: =10-IFERROR(VLOOKUP(B9,Holidays!A:B,2,FALSE()),0) -> 10 | E9: 2 | F9: =MAX(0,D9-E9) -> 8 | G9: =SUMIF(Assignments!F:F,B9,Assignments!G:G)+SUMIF(Assignments!H:H,B9,Assignments!I:I)+SUMIF(Assignments!J:J,B9,Assignments!K:K)+SUMIF(Assignments!L:L,B9,Assignments!M:M) -> 0 | H9: =F9-G9 -> 8
A10: 5 | B10: Luka | C10: iOS | D10: =10-IFERROR(VLOOKUP(B10,Holidays!A:B,2,FALSE()),0) -> 10 | E10: 2 | F10: =MAX(0,D10-E10) -> 8 | G10: =SUMIF(Assignments!F:F,B10,Assignments!G:G)+SUMIF(Assignments!H:H,B10,Assignments!I:I)+SUMIF(Assignments!J:J,B10,Assignments!K:K)+SUMIF(Assignments!L:L,B10,Assignments!M:M) -> 0 | H10: =F10-G10 -> 8
A11: 6 | B11: Corina | C11: Back-end | D11: =10-IFERROR(VLOOKUP(B11,Holidays!A:B,2,FALSE()),0) -> 10 | E11: 2 | F11: =MAX(0,D11-E11) -> 8 | G11: =SUMIF(Assignments!F:F,B11,Assignments!G:G)+SUMIF(Assignments!H:H,B11,Assignments!I:I)+SUMIF(Assignments!J:J,B11,Assignments!K:K)+SUMIF(Assignments!L:L,B11,Assignments!M:M) -> 0 | H11: =F11-G11 -> 8
A12: 7 | B12: Ivona | C12: Back-end | D12: =10-IFERROR(VLOOKUP(B12,Holidays!A:B,2,FALSE()),0) -> 10 | E12: 2 | F12: =MAX(0,D12-E12) -> 8 | G12: =SUMIF(Assignments!F:F,B12,Assignments!G:G)+SUMIF(Assignments!H:H,B12,Assignments!I:I)+SUMIF(Assignments!J:J,B12,Assignments!K:K)+SUMIF(Assignments!L:L,B12,Assignments!M:M) -> 0 | H12: =F12-G12 -> 8
A13: 8 | B13: Anna | C13: QA | D13: =10-IFERROR(VLOOKUP(B13,Holidays!A:B,2,FALSE()),0) -> 10 | E13: 2 | F13: =MAX(0,D13-E13) -> 8 | G13: =SUMIF(Assignments!F:F,B13,Assignments!G:G)+SUMIF(Assignments!H:H,B13,Assignments!I:I)+SUMIF(Assignments!J:J,B13,Assignments!K:K)+SUMIF(Assignments!L:L,B13,Assignments!M:M) -> 0 | H13: =F13-G13 -> 8
A14: 9 | B14: Diana | C14: QA | D14: =10-IFERROR(VLOOKUP(B14,Holidays!A:B,2,FALSE()),0) -> 10 | E14: 2 | F14: =MAX(0,D14-E14) -> 8 | G14: =SUMIF(Assignments!F:F,B14,Assignments!G:G)+SUMIF(Assignments!H:H,B14,Assignments!I:I)+SUMIF(Assignments!J:J,B14,Assignments!K:K)+SUMIF(Assignments!L:L,B14,Assignments!M:M) -> 0 | H14: =F14-G14 -> 8
B15: TOTAL | D15: =SUM(D6:D14) -> 90 | E15: =SUM(E6:E14) -> 18 | F15: =SUM(F6:F14) -> 72 | G15: =SUM(G6:G14) -> 0 | H15: =SUM(H6:H14) -> 72
A17: Discipline Summary
A18: Discipline | B18: People | C18: Available | D18: Assigned | E18: Remaining | F18: % Used
A19: Android | B19: =COUNTIF(C6:C14,"Android") -> 2 | C19: =SUMIF(C6:C14,"Android",F6:F14) -> 16 | D19: =SUMIF(C6:C14,"Android",G6:G14) -> 0 | E19: =C19-D19 -> 16 | F19: =IF(C19=0,0,D19/C19) -> 0
A20: iOS | B20: =COUNTIF(C6:C14,"iOS") -> 3 | C20: =SUMIF(C6:C14,"iOS",F6:F14) -> 24 | D20: =SUMIF(C6:C14,"iOS",G6:G14) -> 0 | E20: =C20-D20 -> 24 | F20: =IF(C20=0,0,D20/C20) -> 0
A21: Back-end | B21: =COUNTIF(C6:C14,"Back-end") -> 2 | C21: =SUMIF(C6:C14,"Back-end",F6:F14) -> 16 | D21: =SUMIF(C6:C14,"Back-end",G6:G14) -> 0 | E21: =C21-D21 -> 16 | F21: =IF(C21=0,0,D21/C21) -> 0
A22: QA | B22: =COUNTIF(C6:C14,"QA") -> 2 | C22: =SUMIF(C6:C14,"QA",F6:F14) -> 16 | D22: =SUMIF(C6:C14,"QA",G6:G14) -> 0 | E22: =C22-D22 -> 16 | F22: =IF(C22=0,0,D22/C22) -> 0
A24: EPIC Breakdown
A25: EPIC Tag | B25: Points | C25: % of Capacity
A26: Support | B26: =IF(A26="","",SUMIF(Assignments!E:E,A26,Assignments!G:G)+SUMIF(Assignments!E:E,A26,Assignments!I:I)+SUMIF(Assignments!E:E,A26,Assignments!K:K)+SUMIF(Assignments!E:E,A26,Assignments!M:M)) -> 0 | C26: =IF(A26="","",B26/F15) -> 0
A27: Fix the Basics | B27: =IF(A27="","",SUMIF(Assignments!E:E,A27,Assignments!G:G)+SUMIF(Assignments!E:E,A27,Assignments!I:I)+SUMIF(Assignments!E:E,A27,Assignments!K:K)+SUMIF(Assignments!E:E,A27,Assignments!M:M)) -> 0 | C27: =IF(A27="","",B27/F15) -> 0
B28: =IF(A28="","",SUMIF(Assignments!E:E,A28,Assignments!G:G)+SUMIF(Assignments!E:E,A28,Assignments!I:I)+SUMIF(Assignments!E:E,A28,Assignments!K:K)+SUMIF(Assignments!E:E,A28,Assignments!M:M)) | C28: =IF(A28="","",B28/F15)
B29: =IF(A29="","",SUMIF(Assignments!E:E,A29,Assignments!G:G)+SUMIF(Assignments!E:E,A29,Assignments!I:I)+SUMIF(Assignments!E:E,A29,Assignments!K:K)+SUMIF(Assignments!E:E,A29,Assignments!M:M)) | C29: =IF(A29="","",B29/F15)
B30: =IF(A30="","",SUMIF(Assignments!E:E,A30,Assignments!G:G)+SUMIF(Assignments!E:E,A30,Assignments!I:I)+SUMIF(Assignments!E:E,A30,Assignments!K:K)+SUMIF(Assignments!E:E,A30,Assignments!M:M)) | C30: =IF(A30="","",B30/F15)
B31: =IF(A31="","",SUMIF(Assignments!E:E,A31,Assignments!G:G)+SUMIF(Assignments!E:E,A31,Assignments!I:I)+SUMIF(Assignments!E:E,A31,Assignments!K:K)+SUMIF(Assignments!E:E,A31,Assignments!M:M)) | C31: =IF(A31="","",B31/F15)
B32: =IF(A32="","",SUMIF(Assignments!E:E,A32,Assignments!G:G)+SUMIF(Assignments!E:E,A32,Assignments!I:I)+SUMIF(Assignments!E:E,A32,Assignments!K:K)+SUMIF(Assignments!E:E,A32,Assignments!M:M)) | C32: =IF(A32="","",B32/F15)
B33: =IF(A33="","",SUMIF(Assignments!E:E,A33,Assignments!G:G)+SUMIF(Assignments!E:E,A33,Assignments!I:I)+SUMIF(Assignments!E:E,A33,Assignments!K:K)+SUMIF(Assignments!E:E,A33,Assignments!M:M)) | C33: =IF(A33="","",B33/F15)
B34: =IF(A34="","",SUMIF(Assignments!E:E,A34,Assignments!G:G)+SUMIF(Assignments!E:E,A34,Assignments!I:I)+SUMIF(Assignments!E:E,A34,Assignments!K:K)+SUMIF(Assignments!E:E,A34,Assignments!M:M)) | C34: =IF(A34="","",B34/F15)
B35: =IF(A35="","",SUMIF(Assignments!E:E,A35,Assignments!G:G)+SUMIF(Assignments!E:E,A35,Assignments!I:I)+SUMIF(Assignments!E:E,A35,Assignments!K:K)+SUMIF(Assignments!E:E,A35,Assignments!M:M)) | C35: =IF(A35="","",B35/F15)

Sheet Assignments
A1: Ticket Assignments (Multi-Discipline)
A2: Each ticket can have up to 4 disciplines. Enter assignee + points per discipline. EPIC tag links to breakdown on Team Capacity sheet.
A3: Ticket Info | F3: Back-end | H3: Android | J3: iOS | L3: QA | N3: Total Pts
A4: # | B4: Jira Key | C4: Title | D4: Status | E4: EPIC Tag | F4: BE Person | G4: BE Pts | H4: And Person | I4: And Pts | J4: iOS Person | K4: iOS Pts | L4: QA Person | M4: QA Pts | N4: Total
A5: 1 | N5: =SUM(G5,I5,K5,M5) -> 0
A6: 2 | N6: =SUM(G6,I6,K6,M6) -> 0
A7: 3 | N7: =SUM(G7,I7,K7,M7) -> 0
A8: 4 | N8: =SUM(G8,I8,K8,M8) -> 0
A9: 5 | N9: =SUM(G9,I9,K9,M9) -> 0
A10: 6 | N10: =SUM(G10,I10,K10,M10) -> 0
A11: 7 | N11: =SUM(G11,I11,K11,M11) -> 0
A12: 8 | N12: =SUM(G12,I12,K12,M12) -> 0
A13: 9 | N13: =SUM(G13,I13,K13,M13) -> 0
A14: 10 | N14: =SUM(G14,I14,K14,M14) -> 0
A15: 11 | N15: =SUM(G15,I15,K15,M15) -> 0
A16: 12 | N16: =SUM(G16,I16,K16,M16) -> 0
... A44: 40 | N44: =SUM(G44,I44,K44,M44) -> 0
E45: TOTALS | G45: =SUM(G5:G44) -> 0 | I45: =SUM(I5:I44) -> 0 | K45: =SUM(K5:K44) -> 0 | M45: =SUM(M5:M44) -> 0 | N45: =SUM(N5:N44) -> 0

Sheet Holidays
A1: Holiday / Leave Register
A2: Enter leave days per person. Col B (Leave Days) feeds into Team Capacity automatically. Update 1 week before sprint planning.
A3: Name | B3: Leave Days | C3: From | D3: To | E3: Notes
A4: Anze | B4: 0
A5: Zoran | B5: 0
A6: Haba | B6: 0
A7: Giorgio | B7: 0
A8: Luka | B8: 0
A9: Corina | B9: 0
A10: Ivona | B10: 0
A11: Anna | B11: 0
A12: Diana | B12: 0

Sheet How to Use
A1: Sprint Capacity Planner v2 - Instructions
A3: BEFORE SPRINT PLANNING (1 week ahead)
A4: 1. Go to Holidays sheet and enter leave days for anyone off during the sprint.
A5: 2. Team Capacity sheet auto-adjusts Total Days via VLOOKUP from Holidays.
A6: 3. Adjust Support days (col E on Team Capacity) per person as needed.
A8: DURING SPRINT PLANNING
A9: 1. On Assignments sheet, enter each ticket: Jira key, title, and EPIC tag.
A10: 2. For each ticket, fill in the relevant disciplines:
A11: - A mobile ticket might have: Android person + pts, iOS person + pts, QA person + pts
A12: - A backend ticket might have: BE person + pts, QA person + pts
A13: - A full-stack ticket: BE + Android + iOS + QA, each with their own person and estimate
A14: 3. Names must EXACTLY match the Team Capacity sheet (col B).
... A32: Red highlight on Remaining = over-allocation warning
